<?xml version="1.0" encoding="UTF-8" standalone="no"?>
<pack>
    <actor adamp="0.0" ascale="true" atlasID="0" bodytype="2" continuous="true" desc="" eventsnippetid="1" fixedrot="false" fric="0.2" gid="3" id="0" ignoreg="false" inertia="1.0" ldamp="0.0" mass="1.0" name="moose" oid="-1" pausable="true" physicsMode="0" rest="0.0" shared="false" sprite="1" static="false">
        <snippets/>
    </actor>
    <sprite atlasID="0" default="0" defaultAnimation="0" desc="" height="64" id="1" name="moose" shared="false" width="64">
        <anim across="1" down="1" durations="100" height="64" id="0" loop="true" name="Animation 0" numframes="1" originx="0" originy="0" sync="false" version="2" width="64">
            <poly data="4,0,0,256,0,256,256,0,256" density="0.1" fric="0.2" gid="-1000" id="-1" name="default" rest="0.0" sensor="false"/>
            <poly data="4,0,0,256,0,256,256,0,256" density="0.1" fric="0.2" gid="-1000" id="-1" name="default" rest="0.0" sensor="false"/>
            <poly data="4,0,0,16,0,16,16,0,16" density="0.1" fric="0.2" gid="-1000" id="1" name="default" rest="0.0" sensor="false"/>
        </anim>
    </sprite>
</pack>
